1;413
2;825
3;1238
4;1651
5;2064
6;2476
7;2889
8;3302
9;3714
10;4127
11;4216
12;4305
13;4394
14;4483
15;4573
16;4662
17;4751
18;4840
19;4929
20;5018
21;5107
22;5196
23;5285
24;5374
25;5464
26;5553
27;5642
28;5731
29;5820
30;5909
31;5998
32;6087
33;6177
34;6266
35;6355
36;6444
37;6533
38;6623
39;6712
40;6801
41;6890
42;6979
43;7068
44;7157
45;7247
46;7336
47;7425
48;7514
49;7603
50;7692
51;7781
52;7870
53;7959
54;8048
55;8138
56;8227
57;8316
58;8405
59;8494
60;8583
61;8672
62;8761
63;8850
64;8939
65;9029
66;9118
67;9207
68;9296
69;9385
70;9474
71;9563
72;9652
73;9742
74;9831
75;9920
76;10009
77;10098
78;10188
79;10277
80;10366
81;10455
82;10544
83;10633
84;10722
85;10812
86;10901
87;10990
88;11079
89;11168
90;11257
91;11346
92;11435
93;11524
94;11613
95;11703
96;11792
97;11881
98;11970
99;12059
100;12148
101;12237
102;12326
103;12415
104;12504
105;12594
106;12683
107;12772
108;12861
109;12950
110;13039
111;13128
112;13217
113;13306
114;13395
115;13485
116;13574
117;13663
118;13752
119;13841
120;13930
121;14019
122;14108
123;14198
124;14287
125;14376
126;14465
127;14554
128;14644
129;14733
130;14822
131;14911
132;15000
133;15089
134;15178
135;15268
136;15357
137;15446
138;15535
139;15624
140;15713
141;15802
142;15891
143;15980
144;16069
145;16159
146;16248
147;16337
148;16426
149;16515
150;16604
151;16693
152;16782
153;16871
154;16960
155;17050
156;17139
157;17228
158;17317
159;17406
160;17495
161;17584
162;17673
163;17763
164;17852
165;17941
166;18030
167;18119
168;18209
169;18298
170;18387
171;18476
172;18565
173;18654
174;18743
175;18833
176;18922
177;19011
178;19100
179;19189
180;19278
181;19367
182;19456
183;19545
184;19634
185;19724
186;19813
187;19902
188;19991
189;20080
190;20169
191;20258
192;20347
193;20436
194;20525
195;20615
196;20704
197;20793
198;20882
199;20971
200;21060
201;21149
202;21238
203;21328
204;21417
205;21506
206;21595
207;21684
208;21774
209;21863
210;21952
211;22041
212;22130
213;22219
214;22308
215;22398
216;22487
217;22576
218;22665
219;22754
220;22843
221;22932
222;23021
223;23110
224;23199
225;23289
226;23378
227;23467
228;23556
229;23645
230;23734
231;23823
232;23912
233;24001
234;24090
235;24180
236;24269
237;24358
238;24447
239;24536
240;24625
241;24714
242;24803
243;24892
244;24981
245;25071
246;25160
247;25249
248;25338
249;25427
250;25516
251;25605
252;25694
253;25784
254;25873
255;25962
256;26051
257;26140
258;26230
259;26319
260;26408
261;26497
262;26586
263;26675
264;26764
265;26853
266;26943
267;27032
268;27121
269;27210
270;27299
271;27388
272;27477
273;27566
274;27655
275;27744
276;27834
277;27923
278;28012
279;28101
280;28190
281;28279
282;28368
283;28457
284;28546
285;28635
286;28725
287;28814
288;28903
289;28992
290;29081
291;29170
292;29259
293;29349
294;29438
295;29527
296;29616
297;29705
298;29795
299;29884
300;29973
301;30062
302;30151
303;30240
304;30329
305;30418
306;30508
307;30597
308;30686
309;30775
310;30864
311;30953
312;31042
313;31131
314;31220
315;31309
316;31399
317;31488
318;31577
319;31666
320;31755
321;31844
322;31933
323;32022
324;32111
325;32200
326;32290
327;32379
328;32468
329;32557
330;32646
331;32735
332;32824
333;32913
334;33002
335;33091
336;33181
337;33270
338;33359
339;33448
340;33537
341;33626
342;33715
343;33805
344;33894
345;33983
346;34072
347;34161
348;34251
349;34340
350;34429
351;34518
352;34607
353;34696
354;34785
355;34874
356;34964
357;35053
358;35142
359;35231
360;35320
361;35409
362;35498
363;35587
364;35676
365;35765
366;35855
367;35944
368;36033
369;36122
370;36211
371;36300
372;36389
373;36478
374;36567
375;36656
376;36746
377;36835
378;36924
379;37013
380;37102
381;37191
382;37280
383;37370
384;37459
385;37548
386;37637
387;37726
388;37816
389;37905
390;37994
391;38083
392;38172
393;38262
394;38351
395;38440
396;38529
397;38618
398;38708
399;38797
400;38886
401;38975
402;39065
403;39154
404;39243
405;39332
406;39422
407;39511
408;39600
409;39690
410;39779
411;39868
412;39957
413;40047
414;40136
415;40225
416;40314
417;40403
418;40493
419;40582
420;40671
421;40760
422;40850
423;40939
424;41028
425;41117
426;41207
427;41296
428;41385
429;41475
430;41564
431;41653
432;41742
433;41832
434;41921
435;42010
436;42099
437;42188
438;42278
439;42367
440;42456
441;42545
442;42635
443;42724
444;42813
445;42902
446;42992
447;43081
448;43170
449;43260
450;43349
451;43438
452;43527
453;43617
454;43706
455;43795
456;43884
457;43973
458;44063
459;44152
460;44241
461;44330
462;44419
463;44509
464;44598
465;44687
466;44776
467;44865
468;44955
469;45044
470;45133
471;45222
472;45312
473;45401
474;45490
475;45579
476;45669
477;45758
478;45847
479;45937
480;46026
481;46115
482;46205
483;46294
484;46384
485;46473
486;46563
487;46652
488;46742
489;46831
490;46921
491;47010
492;47100
493;47189
494;47279
495;47368
496;47457
497;47547
498;47636
499;47726
500;47815
501;47904
502;47994
503;48083
504;48173
505;48262
506;48352
507;48441
508;48531
509;48620
510;48710
511;48799
512;48889
513;48978
514;49068
515;49157
516;49246
517;49336
518;49425
519;49515
520;49604
521;49693
522;49783
523;49872
524;49962
525;50051
526;50141
527;50230
528;50320
529;50409
530;50499
531;50588
532;50678
533;50767
534;50857
535;50946
536;51036
537;51125
538;51215
539;51304
540;51394
541;51483
542;51573
543;51662
544;51752
545;51841
546;51930
547;52020
548;52109
549;52199
550;52288
551;52377
552;52467
553;52556
554;52646
555;52735
556;52825
557;52914
558;53004
559;53093
560;53183
561;53272
562;53362
563;53451
564;53541
565;53630
566;53719
567;53809
568;53898
569;53988
570;54077
571;54166
572;54256
573;54345
574;54435
575;54524
576;54614
577;54703
578;54793
579;54882
580;54972
581;55061
582;55151
583;55240
584;55330
585;55419
586;55508
587;55598
588;55687
589;55777
590;55866
591;55955
592;56045
593;56134
594;56224
595;56313
596;56402
597;56492
598;56581
599;56671
600;56760
601;56849
602;56939
603;57028
604;57117
605;57206
606;57296
607;57385
608;57474
609;57564
610;57653
611;57742
612;57832
613;57921
614;58010
615;58099
616;58189
617;58278
618;58367
619;58457
620;58546
621;58635
622;58725
623;58814
624;58904
625;58993
626;59082
627;59172
628;59261
629;59351
630;59440
631;59529
632;59619
633;59708
634;59797
635;59886
636;59976
637;60065
638;60154
639;60244
640;60333
641;60422
642;60512
643;60601
644;60690
645;60779
646;60869
647;60958
648;61047
649;61137
650;61226
651;61315
652;61405
653;61494
654;61584
655;61673
656;61762
657;61852
658;61941
659;62031
660;62120
661;62209
662;62299
663;62388
664;62477
665;62567
666;62656
667;62745
668;62834
669;62924
670;63013
671;63102
672;63192
673;63281
674;63370
675;63460
676;63549
677;63638
678;63727
679;63817
680;63906
681;63995
682;64085
683;64174
684;64264
685;64353
686;64442
687;64532
688;64621
689;64711
690;64800
691;64889
692;64979
693;65068
694;65157
695;65247
696;65336
697;65425
698;65514
699;65604
700;65693
701;65782
702;65872
703;65961
704;66050
705;66140
706;66229
707;66318
708;66407
709;66497
710;66586
711;66675
712;66765
713;66854
714;66944
715;67033
716;67122
717;67212
718;67301
719;67391
720;67480
721;67569
722;67659
723;67748
724;67837
725;67927
726;68016
727;68105
728;68194
729;68284
730;68373
731;68462
732;68552
733;68641
734;68730
735;68820
736;68909
737;68998
738;69087
739;69177
740;69266
741;69355
742;69445
743;69534
744;69624
745;69713
746;69802
747;69892
748;69981
749;70071
750;70160
751;70249
752;70339
753;70428
754;70517
755;70607
756;70696
757;70785
758;70874
759;70964
760;71053
761;71142
762;71232
763;71321
764;71410
765;71500
766;71589
767;71678
768;71767
769;71857
770;71946
771;72035
772;72125
773;72214
774;72304
775;72393
776;72482
777;72572
778;72661
779;72751
780;72840
781;72929
782;73019
783;73108
784;73197
785;73287
786;73376
787;73465
788;73554
789;73644
790;73733
791;73822
792;73912
793;74001
794;74090
795;74180
796;74269
797;74358
798;74447
799;74537
800;74626
801;74715
802;74805
803;74894
804;74984
805;75073
806;75162
807;75252
808;75341
809;75431
810;75520
811;75609
812;75699
813;75788
814;75877
815;75967
816;76056
817;76145
818;76234
819;76324
820;76413
821;76502
822;76592
823;76681
824;76770
825;76860
826;76949
827;77038
828;77127
829;77217
830;77306
831;77395
832;77485
833;77574
834;77664
835;77753
836;77842
837;77932
838;78021
839;78111
840;78200
841;78289
842;78379
843;78468
844;78557
845;78647
846;78736
847;78825
848;78914
849;79004
850;79093
851;79182
852;79272
853;79361
854;79450
855;79540
856;79629
857;79718
858;79807
859;79897
860;79986
861;80075
862;80165
863;80254
864;80344
865;80433
866;80522
867;80612
868;80701
869;80791
870;80880
871;80969
872;81059
873;81148
874;81237
875;81327
876;81416
877;81505
878;81594
879;81684
880;81773
881;81862
882;81952
883;82041
884;82130
885;82220
886;82309
887;82398
888;82487
889;82577
890;82666
891;82755
892;82845
893;82934
894;83024
895;83113
896;83202
897;83292
898;83381
899;83471
900;83560
901;83649
902;83739
903;83828
904;83917
905;84007
906;84096
907;84185
908;84274
909;84364
910;84453
911;84542
912;84632
913;84721
914;84810
915;84900
916;84989
917;85078
918;85167
919;85257
920;85346
921;85435
922;85525
923;85614
924;85704
925;85793
926;85882
927;85972
928;86061
929;86151
930;86240
931;86329
932;86419
933;86508
934;86597
935;86687
936;86776
937;86865
938;86954
939;87044
940;87133
941;87222
942;87312
943;87401
944;87490
945;87580
946;87669
947;87758
948;87847
949;87937
950;88026
951;88115
952;88205
953;88294
954;88384
955;88473
956;88562
957;88652
958;88741
959;88831
960;88920
961;89009
962;89099
963;89188
964;89277
965;89367
966;89456
967;89545
968;89634
969;89724
970;89813
971;89902
972;89992
973;90081
974;90170
975;90260
976;90349
977;90438
978;90527
979;90617
980;90706
981;90795
982;90885
983;90974
984;91063
985;91153
986;91242
987;91331
988;91420
989;91510
990;91599
991;91688
992;91778
993;91867
994;91957
995;92046
996;92135
997;92225
998;92314
999;92404
1000;92493
1001;92582
1002;92672
1003;92761
1004;92850
1005;92940
1006;93029
1007;93118
1008;93207
1009;93297
1010;93386
1011;93475
1012;93565
1013;93654
1014;93743
1015;93833
1016;93922
1017;94011
1018;94100
1019;94190
1020;94279
1021;94368
1022;94458
1023;94547
1024;94637
1025;94726
1026;94815
1027;94905
1028;94994
1029;95084
1030;95173
1031;95262
1032;95352
1033;95441
1034;95530
1035;95620
1036;95709
1037;95798
1038;95887
1039;95977
1040;96066
1041;96155
1042;96245
1043;96334
1044;96423
1045;96513
1046;96602
1047;96691
1048;96780
1049;96870
1050;96959
1051;97048
1052;97138
1053;97227
1054;97317
1055;97406
1056;97495
1057;97585
1058;97674
1059;97764
1060;97853
1061;97942
1062;98032
1063;98121
1064;98210
1065;98300
1066;98389
1067;98478
1068;98567
1069;98657
1070;98746
1071;98835
1072;98925
1073;99014
1074;99103
1075;99193
1076;99282
1077;99371
1078;99460
1079;99550
1080;99639
1081;99728
1082;99818
1083;99907
1084;99997
1085;100086
1086;100175
1087;100265
1088;100354
1089;100444
1090;100533
1091;100622
1092;100711
1093;100800
1094;100889
1095;100979
1096;101068
1097;101157
1098;101246
1099;101335
1100;101424
1101;101513
1102;101602
1103;101691
1104;101780
1105;101870
1106;101959
1107;102048
1108;102137
1109;102226
1110;102315
1111;102404
1112;102493
1113;102582
1114;102671
1115;102761
1116;102850
1117;102939
1118;103028
1119;103117
1120;103206
1121;103295
1122;103384
1123;103474
1124;103563
1125;103652
1126;103741
1127;103830
1128;103920
1129;104009
1130;104098
1131;104187
1132;104276
1133;104365
1134;104454
1135;104544
1136;104633
1137;104722
1138;104811
1139;104900
1140;104989
1141;105078
1142;105167
1143;105256
1144;105345
1145;105435
1146;105524
1147;105613
1148;105702
1149;105791
1150;105880
1151;105969
1152;106058
1153;106147
1154;106236
1155;106326
1156;106415
1157;106504
1158;106593
1159;106682
1160;106771
1161;106860
1162;106949
1163;107039
1164;107128
1165;107217
1166;107306
1167;107395
1168;107485
1169;107574
1170;107663
1171;107752
1172;107841
1173;107930
1174;108019
1175;108109
1176;108198
1177;108287
1178;108376
1179;108465
1180;108554
1181;108643
1182;108732
1183;108821
1184;108910
1185;109000
1186;109089
1187;109178
1188;109267
1189;109356
1190;109445
1191;109534
1192;109623
1193;109712
1194;109801
1195;109891
1196;109980
1197;110069
1198;110158
1199;110247
1200;110336
1201;110425
1202;110514
1203;110603
1204;110692
1205;110782
1206;110871
1207;110960
1208;111049
1209;111138
1210;111227
1211;111316
1212;111405
1213;111495
1214;111584
1215;111673
1216;111762
1217;111851
1218;111941
1219;112030
1220;112119
1221;112208
1222;112297
1223;112386
1224;112475
1225;112565
1226;112654
1227;112743
1228;112832
1229;112921
1230;113010
1231;113099
1232;113188
1233;113277
1234;113366
1235;113456
1236;113545
1237;113634
1238;113723
1239;113812
1240;113901
1241;113990
1242;114079
1243;114168
1244;114257
1245;114347
1246;114436
1247;114525
1248;114614
1249;114703
1250;114792
1251;114881
1252;114970
1253;115060
1254;115149
1255;115238
1256;115327
1257;115416
1258;115506
1259;115595
1260;115684
1261;115773
1262;115862
1263;115951
1264;116040
1265;116130
1266;116219
1267;116308
1268;116397
1269;116486
1270;116575
1271;116664
1272;116753
1273;116842
1274;116931
1275;117021
1276;117110
1277;117199
1278;117288
1279;117377
1280;117466
1281;117555
1282;117644
1283;117733
1284;117822
1285;117912
1286;118001
1287;118090
1288;118179
1289;118268
1290;118357
1291;118446
1292;118535
1293;118625
1294;118714
1295;118803
1296;118892
1297;118981
1298;119071
1299;119160
1300;119249
1301;119338
1302;119427
1303;119516
1304;119605
1305;119695
1306;119784
1307;119873
1308;119962
1309;120051
1310;120140
1311;120229
1312;120318
1313;120407
1314;120496
1315;120586
1316;120675
1317;120764
1318;120853
1319;120942
1320;121031
1321;121120
1322;121209
1323;121298
1324;121387
1325;121477
1326;121566
1327;121655
1328;121744
1329;121833
1330;121922
1331;122011
1332;122100
1333;122189
1334;122278
1335;122368
1336;122457
1337;122546
1338;122635
1339;122724
1340;122813
1341;122902
1342;122991
1343;123081
1344;123170
1345;123259
1346;123348
1347;123437
1348;123527
1349;123616
1350;123705
1351;123794
1352;123883
1353;123972
1354;124061
1355;124151
1356;124240
1357;124329
1358;124418
1359;124507
1360;124596
1361;124685
1362;124774
1363;124863
1364;124952
1365;125042
1366;125131
1367;125220
1368;125309
1369;125398
1370;125487
1371;125576
1372;125665
1373;125754
1374;125843
1375;125933
1376;126022
1377;126111
1378;126200
1379;126289
1380;126378
1381;126467
1382;126556
1383;126646
1384;126735
1385;126824
1386;126913
1387;127002
1388;127092
1389;127181
1390;127270
1391;127359
1392;127448
1393;127537
1394;127626
1395;127716
1396;127805
1397;127894
1398;127983
1399;128072
1400;128161
1401;128250
1402;128339
1403;128428
1404;128517
1405;128607
1406;128696
1407;128785
1408;128874
1409;128963
1410;129052
1411;129141
1412;129230
1413;129319
1414;129408
1415;129498
1416;129587
1417;129676
1418;129765
1419;129854
1420;129943
1421;130032
1422;130121
1423;130210
1424;130299
1425;130389
1426;130478
1427;130567
1428;130656
1429;130745
1430;130834
1431;130923
1432;131012
1433;131102
1434;131191
1435;131280
1436;131369
1437;131458
1438;131548
1439;131637
1440;131726
1441;131815
1442;131904
1443;131993
1444;132082
1445;132172
1446;132261
1447;132350
1448;132439
1449;132528
1450;132617
1451;132706
1452;132795
1453;132884
1454;132973
1455;133063
1456;133152
1457;133241
1458;133330
1459;133419
1460;133508
1461;133597
1462;133686
1463;133775
1464;133864
1465;133954
1466;134043
1467;134132
1468;134221
1469;134310
1470;134399
1471;134488
1472;134577
1473;134667
1474;134756
1475;134845
1476;134934
1477;135023
1478;135113
1479;135202
1480;135291
1481;135380
1482;135469
1483;135558
1484;135647
1485;135737
1486;135826
1487;135915
1488;136004
1489;136093
1490;136182
1491;136271
1492;136360
1493;136449
1494;136538
1495;136628
1496;136717
1497;136806
1498;136895
1499;136984
1500;137073
1501;137162
1502;137251
1503;137340
1504;137429
1505;137519
1506;137608
1507;137697
1508;137786
1509;137875
1510;137964
1511;138053
1512;138142
1513;138231
1514;138320
1515;138410
1516;138499
1517;138588
1518;138677
1519;138766
1520;138855
1521;138944
1522;139033
1523;139123
1524;139212
1525;139301
1526;139390
1527;139479
1528;139569
1529;139658
1530;139747
1531;139836
1532;139925
1533;140014
1534;140103
1535;140193
1536;140282
1537;140371
1538;140460
1539;140549
1540;140638
1541;140727
1542;140816
1543;140906
1544;140995
1545;141084
1546;141173
1547;141262
1548;141352
1549;141441
1550;141530
1551;141619
1552;141708
1553;141797
1554;141886
1555;141976
1556;142065
1557;142154
1558;142243
1559;142332
1560;142421
1561;142510
1562;142599
1563;142688
1564;142777
1565;142867
1566;142956
1567;143045
1568;143134
1569;143223
1570;143312
1571;143401
1572;143490
1573;143580
1574;143669
1575;143758
1576;143847
1577;143936
1578;144026
1579;144115
1580;144204
1581;144293
1582;144382
1583;144471
1584;144560
1585;144650
1586;144739
1587;144828
1588;144917
1589;145006
1590;145095
1591;145184
1592;145273
1593;145362
1594;145451
1595;145541
1596;145630
1597;145719
1598;145808
1599;145897
1600;145986
1601;146075
1602;146164
1603;146254
1604;146343
1605;146432
1606;146521
1607;146610
1608;146700
1609;146789
1610;146878
1611;146967
1612;147056
1613;147145
1614;147234
1615;147324
1616;147413
1617;147502
1618;147591
1619;147680
1620;147769
1621;147858
1622;147947
1623;148036
1624;148125
1625;148215
1626;148304
1627;148393
1628;148482
1629;148571
1630;148660
1631;148749
1632;148838
1633;148928
1634;149017
1635;149106
1636;149195
1637;149284
1638;149374
1639;149463
1640;149552
1641;149641
1642;149730
1643;149819
1644;149908
1645;149998
1646;150087
1647;150176
1648;150265
1649;150354
1650;150443
1651;150532
1652;150621
1653;150711
1654;150800
1655;150889
1656;150978
1657;151067
1658;151157
1659;151246
1660;151335
1661;151424
1662;151513
1663;151602
1664;151691
1665;151781
1666;151870
1667;151959
1668;152048
1669;152137
1670;152226
1671;152315
1672;152404
1673;152493
1674;152582
1675;152672
1676;152761
1677;152850
1678;152939
1679;153028
1680;153117
1681;153206
1682;153295
1683;153385
1684;153474
1685;153563
1686;153652
1687;153741
1688;153831
1689;153920
1690;154009
1691;154098
1692;154187
1693;154276
1694;154365
1695;154455
1696;154544
1697;154633
1698;154722
1699;154811
1700;154900
1701;154989
1702;155078
1703;155167
1704;155256
1705;155346
1706;155435
1707;155524
1708;155613
1709;155702
1710;155791
1711;155880
1712;155969
1713;156059
1714;156148
1715;156237
1716;156326
1717;156415
1718;156505
1719;156594
1720;156683
1721;156772
1722;156861
1723;156950
1724;157039
1725;157129
1726;157218
1727;157307
1728;157396
1729;157485
1730;157574
1731;157663
1732;157752
1733;157841
1734;157930
1735;158020
1736;158109
1737;158198
1738;158287
1739;158376
1740;158465
1741;158554
1742;158643
1743;158733
1744;158822
1745;158911
1746;159000
1747;159089
1748;159179
1749;159268
1750;159357
1751;159446
1752;159535
1753;159624
1754;159713
1755;159803
1756;159892
1757;159981
1758;160070
1759;160159
1760;160248
1761;160337
1762;160426
1763;160516
1764;160605
1765;160694
1766;160783
1767;160872
1768;160962
1769;161051
1770;161140
1771;161229
1772;161318
1773;161407
1774;161496
1775;161586
1776;161675
1777;161764
1778;161853
1779;161942
1780;162031
1781;162120
1782;162209
1783;162298
1784;162387
1785;162477
1786;162566
1787;162655
1788;162744
1789;162833
1790;162922
1791;163011
1792;163100
1793;163190
1794;163279
1795;163368
1796;163457
1797;163546
1798;163636
1799;163725
1800;163814
1801;163903
1802;163992
1803;164081
1804;164170
1805;164260
1806;164349
1807;164438
1808;164527
1809;164616
1810;164705
1811;164794
1812;164883
1813;164972
1814;165061
1815;165151
1816;165240
1817;165329
1818;165418
1819;165507
1820;165596
1821;165685
1822;165774
1823;165864
1824;165953
1825;166042
1826;166131
1827;166220
1828;166310
1829;166399
1830;166488
1831;166577
1832;166666
1833;166755
1834;166844
1835;166934
1836;167023
1837;167112
1838;167201
1839;167290
1840;167379
1841;167468
1842;167557
1843;167646
1844;167735
1845;167825
1846;167914
1847;168003
1848;168092
1849;168181
1850;168270
1851;168359
1852;168448
1853;168538
1854;168627
1855;168716
1856;168805
1857;168894
1858;168984
1859;169073
1860;169162
1861;169251
1862;169340
1863;169429
1864;169518
1865;169608
1866;169697
1867;169786
1868;169875
1869;169964
1870;170053
1871;170142
1872;170231
1873;170321
1874;170410
1875;170499
1876;170588
1877;170677
1878;170767
1879;170856
1880;170945
1881;171034
1882;171123
1883;171212
1884;171301
1885;171391
1886;171480
1887;171569
1888;171658
1889;171747
1890;171836
1891;171925
1892;172014
1893;172103
1894;172192
1895;172282
1896;172371
1897;172460
1898;172549
1899;172638
1900;172727
1901;172816
1902;172905
1903;172995
1904;173084
1905;173173
1906;173262
1907;173351
1908;173441
1909;173530
1910;173619
1911;173708
1912;173797
1913;173886
1914;173975
1915;174065
1916;174154
1917;174243
1918;174332
1919;174421
1920;174510
1921;174599
1922;174688
1923;174777
1924;174866
1925;174956
1926;175045
1927;175134
1928;175223
1929;175312
1930;175401
1931;175490
1932;175579
1933;175669
1934;175758
1935;175847
1936;175936
1937;176025
1938;176115
1939;176204
1940;176293
1941;176382
1942;176471
1943;176560
1944;176649
1945;176739
1946;176828
1947;176917
1948;177006
1949;177095
1950;177184
1951;177273
1952;177362
1953;177451
1954;177540
1955;177630
1956;177719
1957;177808
1958;177897
1959;177986
1960;178075
1961;178164
1962;178253
1963;178343
1964;178432
1965;178521
1966;178610
1967;178699
1968;178789
1969;178878
1970;178967
1971;179056
1972;179145
1973;179234
1974;179323
1975;179413
1976;179502
1977;179591
1978;179680
1979;179769
1980;179858
1981;179947
1982;180036
1983;180126
1984;180215
1985;180304
1986;180393
1987;180482
1988;180572
1989;180661
1990;180750
1991;180839
1992;180928
1993;181017
1994;181106
1995;181196
1996;181285
1997;181374
1998;181463
1999;181552
2000;181641
2001;181730
2002;181819
2003;181908
2004;181997
2005;182087
2006;182176
2007;182265
2008;182354
2009;182443
2010;182532
2011;182621
2012;182710
2013;182800
2014;182889
2015;182978
2016;183067
2017;183156
2018;183246
2019;183335
2020;183424
2021;183513
2022;183602
2023;183691
2024;183780
2025;183870
2026;183959
2027;184048
2028;184137
2029;184226
2030;184315
2031;184404
2032;184493
2033;184582
2034;184671
2035;184761
2036;184850
2037;184939
2038;185028
2039;185117
2040;185206
2041;185295
2042;185384
2043;185474
2044;185563
2045;185652
2046;185741
2047;185830
2048;185920
2049;186009
2050;186098
2051;186187
2052;186276
2053;186365
2054;186454
2055;186544
2056;186633
2057;186722
2058;186811
2059;186900
2060;186989
2061;187078
2062;187167
2063;187256
2064;187345
2065;187435
2066;187524
2067;187613
2068;187702
2069;187791
2070;187880
2071;187969
2072;188058
2073;188148
2074;188237
2075;188326
2076;188415
2077;188504
2078;188594
2079;188683
2080;188772
2081;188861
2082;188950
2083;189039
2084;189128
2085;189218
2086;189307
2087;189396
2088;189485
2089;189574
2090;189663
2091;189752
2092;189841
2093;189931
2094;190020
2095;190109
2096;190198
2097;190287
2098;190377
2099;190466
2100;190555
2101;190644
2102;190733
2103;190822
2104;190911
2105;191001
2106;191090
2107;191179
2108;191268
2109;191357
2110;191446
2111;191535
2112;191624
2113;191713
2114;191802
2115;191892
2116;191981
2117;192070
2118;192159
2119;192248
2120;192337
2121;192426
2122;192515
2123;192605
2124;192694
2125;192783
2126;192872
2127;192961
2128;193051
2129;193140
2130;193229
2131;193318
2132;193407
2133;193496
2134;193585
2135;193675
2136;193764
2137;193853
2138;193942
2139;194031
2140;194120
2141;194209
2142;194298
2143;194387
2144;194476
2145;194566
2146;194655
2147;194744
2148;194833
2149;194922
2150;195011
2151;195100
2152;195189
2153;195279
2154;195368
2155;195457
2156;195546
2157;195635
2158;195725
2159;195814
2160;195903
2161;195992
2162;196081
2163;196170
2164;196259
2165;196349
2166;196438
2167;196527
2168;196616
2169;196705
2170;196794
2171;196883
2172;196972
2173;197061
2174;197150
2175;197240
2176;197329
2177;197418
2178;197507
2179;197596
2180;197685
2181;197774
2182;197863
2183;197953
2184;198042
2185;198131
2186;198220
2187;198309
2188;198399
2189;198488
2190;198577
2191;198666
2192;198755
2193;198844
2194;198933
2195;199023
2196;199112
2197;199201
2198;199290
2199;199379
2200;199468
2201;199557
2202;199646
2203;199735
2204;199824
2205;199914
2206;200003
2207;200092
2208;200181
2209;200270
2210;200359
2211;200448
2212;200537
2213;200627
2214;200716
2215;200805
2216;200894
2217;200983
2218;201073
2219;201162
2220;201251
2221;201340
2222;201429
2223;201518
2224;201607
2225;201697
2226;201786
2227;201875
2228;201964
2229;202053
2230;202142
2231;202231
2232;202320
2233;202410
2234;202499
2235;202588
2236;202677
2237;202766
2238;202856
2239;202945
2240;203034
2241;203123
2242;203212
2243;203301
2244;203390
2245;203480
2246;203569
2247;203658
2248;203747
2249;203836
2250;203925
2251;204014
2252;204103
2253;204192
2254;204281
2255;204371
2256;204460
2257;204549
2258;204638
2259;204727
2260;204816
2261;204905
2262;204994
2263;205084
2264;205173
2265;205262
2266;205351
2267;205440
2268;205530
2269;205619
2270;205708
2271;205797
2272;205886
2273;205975
2274;206064
2275;206154
2276;206243
2277;206332
2278;206421
2279;206510
2280;206599
2281;206688
2282;206777
2283;206866
2284;206955
2285;207045
2286;207134
2287;207223
2288;207312
2289;207401
2290;207490
2291;207579
2292;207668
2293;207758
2294;207847
2295;207936
2296;208025
2297;208114
2298;208204
2299;208293
2300;208382
2301;208471
2302;208560
2303;208649
2304;208738
2305;208828
2306;208917
2307;209006
2308;209095
2309;209184
2310;209273
2311;209362
2312;209451
2313;209540
2314;209629
2315;209719
2316;209808
2317;209897
2318;209986
2319;210075
2320;210164
2321;210253
2322;210342
2323;210432
2324;210521
2325;210610
2326;210699
2327;210788
2328;210878
2329;210967
2330;211056
2331;211145
2332;211234
2333;211323
2334;211412
2335;211502
2336;211591
2337;211680
2338;211769
2339;211858
2340;211947
2341;212036
2342;212125
2343;212215
2344;212304
2345;212393
2346;212482
2347;212571
2348;212661
2349;212750
2350;212839
2351;212928
2352;213017
2353;213106
2354;213195
2355;213285
2356;213374
2357;213463
2358;213552
2359;213641
2360;213730
2361;213819
2362;213908
2363;213997
2364;214086
2365;214176
2366;214265
2367;214354
2368;214443
2369;214532
2370;214621
2371;214710
2372;214799
2373;214889
2374;214978
2375;215067
2376;215156
2377;215245
2378;215335
2379;215424
2380;215513
2381;215602
2382;215691
2383;215780
2384;215869
2385;215959
2386;216048
2387;216137
2388;216226
2389;216315
2390;216404
2391;216493
2392;216582
2393;216671
2394;216760
2395;216850
2396;216939
2397;217028
2398;217117
2399;217206
2400;217295
2401;217384
2402;217473
2403;217563
2404;217652
2405;217741
2406;217830
2407;217919
2408;218009
2409;218098
2410;218187
2411;218276
2412;218365
2413;218454
2414;218543
2415;218633
2416;218722
2417;218811
2418;218900
2419;218989
2420;219078
2421;219167
2422;219256
2423;219345
2424;219434
2425;219524
2426;219613
2427;219702
2428;219791
2429;219880
2430;219969
2431;220058
2432;220147
2433;220237
2434;220326
2435;220415
2436;220504
2437;220593
2438;220683
2439;220772
2440;220861
2441;220950
2442;221039
2443;221128
2444;221217
2445;221307
2446;221396
2447;221485
2448;221574
2449;221663
2450;221752
2451;221841
2452;221930
2453;222020
2454;222109
2455;222198
2456;222287
2457;222376
2458;222466
2459;222555
2460;222644
2461;222733
2462;222822
2463;222911
2464;223000
2465;223090
2466;223179
2467;223268
2468;223357
2469;223446
2470;223535
2471;223624
2472;223713
2473;223802
2474;223891
2475;223981
2476;224070
2477;224159
2478;224248
2479;224337
2480;224426
2481;224515
2482;224604
2483;224694
2484;224783
2485;224872
2486;224961
2487;225050
2488;225140
2489;225229
2490;225318
2491;225407
2492;225496
2493;225585
2494;225674
2495;225764
2496;225853
2497;225942
2498;226031
2499;226120
2500;226209
2501;226298
2502;226387
2503;226476
2504;226565
2505;226655
2506;226744
2507;226833
2508;226922
2509;227011
2510;227100
2511;227189
2512;227278
2513;227368
2514;227457
2515;227546
2516;227635
2517;227724
2518;227814
2519;227903
2520;227992
2521;228081
2522;228170
2523;228259
2524;228348
2525;228438
2526;228527
2527;228616
2528;228705
2529;228794
2530;228883
2531;228972
2532;229061
2533;229150
2534;229239
2535;229329
2536;229418
2537;229507
2538;229596
2539;229685
2540;229774
2541;229863
2542;229952
2543;230042
2544;230131
2545;230220
2546;230309
2547;230398
2548;230488
2549;230577
2550;230666
2551;230755
2552;230844
2553;230933
2554;231022
2555;231112
2556;231201
2557;231290
2558;231379
2559;231468
2560;231557
2561;231646
2562;231735
2563;231825
2564;231914
2565;232003
2566;232092
2567;232181
2568;232271
2569;232360
2570;232449
2571;232538
2572;232627
2573;232716
2574;232805
2575;232895
2576;232984
2577;233073
2578;233162
2579;233251
2580;233340
2581;233429
2582;233518
2583;233607
2584;233696
2585;233786
2586;233875
2587;233964
2588;234053
2589;234142
2590;234231
2591;234320
2592;234409
2593;234499
2594;234588
2595;234677
2596;234766
2597;234855
2598;234945
2599;235034
2600;235123
2601;235212
2602;235301
2603;235390
2604;235479
2605;235569
2606;235658
2607;235747
2608;235836
2609;235925
2610;236014
2611;236103
2612;236192
2613;236281
2614;236370
2615;236460
2616;236549
2617;236638
2618;236727
2619;236816
2620;236905
2621;236994
2622;237083
2623;237173
2624;237262
2625;237351
2626;237440
2627;237529
2628;237619
2629;237708
2630;237797
2631;237886
2632;237975
2633;238064
2634;238153
2635;238243
2636;238332
2637;238421
2638;238510
2639;238599
2640;238688
2641;238777
2642;238866
2643;238955
2644;239044
2645;239134
2646;239223
2647;239312
2648;239401
2649;239490
2650;239579
2651;239668
2652;239757
2653;239847
2654;239936
2655;240025
2656;240114
2657;240203
2658;240293
2659;240382
2660;240471
2661;240560
2662;240649
2663;240738
2664;240827
2665;240917
2666;241006
2667;241095
2668;241184
2669;241273
2670;241362
2671;241451
2672;241540
2673;241630
2674;241719
2675;241808
2676;241897
2677;241986
2678;242076
2679;242165
2680;242254
2681;242343
2682;242432
2683;242521
2684;242610
2685;242700
2686;242789
2687;242878
2688;242967
2689;243056
2690;243145
2691;243234
2692;243323
2693;243412
2694;243501
2695;243591
2696;243680
2697;243769
2698;243858
2699;243947
2700;244036
2701;244125
2702;244214
2703;244304
2704;244393
2705;244482
2706;244571
2707;244660
2708;244750
2709;244839
2710;244928
2711;245017
2712;245106
2713;245195
2714;245284
2715;245374
2716;245463
2717;245552
2718;245641
2719;245730
2720;245819
2721;245908
2722;245997
2723;246086
2724;246175
2725;246265
2726;246354
2727;246443
2728;246532
2729;246621
2730;246710
2731;246799
2732;246888
2733;246978
2734;247067
2735;247156
2736;247245
2737;247334
2738;247424
2739;247513
2740;247602
2741;247691
2742;247780
2743;247869
2744;247958
2745;248048
2746;248137
2747;248226
2748;248315
2749;248404
2750;248493
2751;248582
2752;248671
2753;248760
2754;248849
2755;248939
2756;249028
2757;249117
2758;249206
2759;249295
2760;249384
2761;249473
2762;249562
2763;249652
2764;249741
2765;249830
2766;249919
2767;250008
2768;250098
2769;250187
2770;250276
2771;250365
2772;250454
2773;250543
2774;250632
2775;250722
2776;250811
2777;250900
2778;250989
2779;251078
2780;251167
2781;251256
2782;251345
2783;251435
2784;251524
2785;251613
2786;251702
2787;251791
2788;251881
2789;251970
2790;252059
2791;252148
2792;252237
2793;252326
2794;252415
2795;252505
2796;252594
2797;252683
2798;252772
2799;252861
2800;252950
2801;253039
2802;253128
2803;253217
2804;253306
2805;253396
2806;253485
2807;253574
2808;253663
2809;253752
2810;253841
2811;253930
2812;254019
2813;254109
2814;254198
2815;254287
2816;254376
2817;254465
2818;254555
2819;254644
2820;254733
2821;254822
2822;254911
2823;255000
2824;255089
2825;255179
2826;255268
2827;255357
2828;255446
2829;255535
2830;255624
2831;255713
2832;255802
2833;255891
2834;255980
2835;256070
2836;256159
2837;256248
2838;256337
2839;256426
2840;256515
2841;256604
2842;256693
2843;256783
2844;256872
2845;256961
2846;257050
2847;257139
2848;257229
2849;257318
2850;257407
2851;257496
2852;257585
2853;257674
2854;257763
2855;257853
2856;257942
2857;258031
2858;258120
2859;258209
2860;258298
2861;258387
2862;258476
2863;258565
2864;258654
2865;258744
2866;258833
2867;258922
2868;259011
2869;259100
2870;259189
2871;259278
2872;259367
2873;259457
2874;259546
2875;259635
2876;259724
2877;259813
2878;259903
2879;259992
2880;260081
2881;260170
2882;260259
2883;260348
2884;260437
2885;260527
2886;260616
2887;260705
2888;260794
2889;260883
2890;260972
2891;261061
2892;261150
2893;261239
2894;261328
2895;261418
2896;261507
2897;261596
2898;261685
2899;261774
2900;261863
2901;261952
2902;262041
2903;262131
2904;262220
2905;262309
2906;262398
2907;262487
2908;262577
2909;262666
2910;262755
2911;262844
2912;262933
2913;263022
2914;263111
2915;263201
2916;263290
2917;263379
2918;263468
2919;263557
2920;263646
2921;263735
2922;263824
2923;263914
2924;264003
2925;264092
2926;264181
2927;264270
2928;264360
2929;264449
2930;264538
2931;264627
2932;264716
2933;264805
2934;264894
2935;264984
2936;265073
2937;265162
2938;265251
2939;265340
2940;265429
2941;265518
2942;265607
2943;265696
2944;265785
2945;265875
2946;265964
2947;266053
2948;266142
2949;266231
2950;266320
2951;266409
2952;266498
2953;266588
2954;266677
2955;266766
2956;266855
2957;266944
2958;267034
2959;267123
2960;267212
2961;267301
2962;267390
2963;267479
2964;267568
2965;267658
2966;267747
2967;267836
2968;267925
2969;268014
2970;268103
2971;268192
2972;268281
2973;268370
2974;268459
2975;268549
2976;268638
2977;268727
2978;268816
2979;268905
2980;268994
2981;269083
2982;269172
2983;269262
2984;269351
2985;269440
2986;269529
2987;269618
2988;269708
2989;269797
2990;269886
2991;269975
2992;270064
2993;270153
2994;270242
2995;270332
2996;270421
2997;270510
2998;270599
2999;270688
3000;270777
3001;270866
3002;270955
3003;271044
3004;271133
3005;271223
3006;271312
3007;271401
3008;271490
3009;271579
3010;271668
3011;271757
3012;271846
3013;271936
3014;272025
3015;272114
3016;272203
3017;272292
3018;272382
3019;272471
3020;272560
3021;272649
3022;272738
3023;272827
3024;272916
3025;273006
3026;273095
3027;273184
3028;273273
3029;273362
3030;273451
3031;273540
3032;273629
3033;273719
3034;273808
3035;273897
3036;273986
3037;274075
3038;274165
3039;274254
3040;274343
3041;274432
3042;274521
3043;274610
3044;274699
3045;274789
3046;274878
3047;274967
3048;275056
3049;275145
3050;275234
3051;275323
3052;275413
3053;275502
3054;275591
3055;275681
3056;275770
3057;275859
3058;275948
3059;276038
3060;276127
3061;276216
3062;276306
3063;276395
3064;276484
3065;276574
3066;276663
3067;276752
3068;276841
3069;276931
3070;277020
3071;277109
3072;277199
3073;277288
3074;277377
3075;277467
3076;277556
3077;277645
3078;277734
3079;277824
3080;277913
3081;278002
3082;278092
3083;278181
3084;278270
3085;278360
3086;278449
3087;278538
3088;278627
3089;278717
3090;278806
3091;278895
3092;278985
3093;279074
3094;279163
3095;279253
3096;279342
3097;279431
3098;279520
3099;279610
3100;279699
3101;279788
3102;279878
3103;279967
3104;280056
3105;280146
3106;280235
3107;280324
3108;280413
3109;280503
3110;280592
3111;280681
3112;280771
3113;280860
3114;280949
3115;281039
3116;281128
3117;281217
3118;281306
3119;281396
3120;281485
3121;281574
3122;281664
3123;281753
3124;281842
3125;281932
3126;282021
3127;282110
3128;282199
3129;282289
3130;282378
3131;282467
3132;282557
3133;282646
3134;282735
3135;282825
3136;282914
3137;283003
3138;283092
3139;283182
3140;283271
3141;283360
3142;283450
3143;283539
3144;283628
3145;283718
3146;283807
3147;283896
3148;283985
3149;284075
3150;284164
3151;284253
3152;284343
3153;284432
3154;284521
3155;284611
3156;284700
3157;284789
3158;284878
3159;284968
3160;285057
3161;285146
3162;285236
3163;285325
3164;285414
3165;285504
3166;285593
3167;285682
3168;285771
3169;285861
3170;285950
3171;286039
3172;286129
3173;286218
3174;286307
3175;286397
3176;286486
3177;286575
3178;286664
3179;286754
3180;286843
3181;286932
3182;287022
3183;287111
3184;287200
3185;287290
3186;287379
3187;287468
3188;287557
3189;287647
3190;287736
3191;287825
3192;287915
3193;288004
3194;288093
3195;288183
3196;288272
3197;288361
3198;288450
3199;288540
3200;288629
3201;288718
3202;288808
3203;288897
3204;288986
3205;289076
3206;289165
3207;289254
3208;289343
3209;289433
3210;289522
3211;289611
3212;289701
3213;289790
3214;289879
3215;289969
3216;290058
3217;290147
3218;290236
3219;290326
3220;290415
3221;290504
3222;290594
3223;290683
3224;290772
3225;290862
3226;290951
3227;291040
3228;291129
3229;291219
3230;291308
3231;291397
3232;291487
3233;291576
3234;291665
3235;291755
3236;291844
3237;291933
3238;292022
3239;292112
3240;292201
3241;292290
3242;292380
3243;292469
3244;292558
3245;292648
3246;292737
3247;292826
3248;292915
3249;293005
3250;293094
3251;293183
3252;293273
3253;293362
3254;293451
3255;293541
3256;293630
3257;293719
3258;293808
3259;293898
3260;293987
3261;294076
3262;294166
3263;294255
3264;294344
3265;294434
3266;294523
3267;294612
3268;294701
3269;294791
3270;294880
3271;294969
3272;295059
3273;295148
3274;295237
3275;295327
3276;295416
3277;295505
3278;295594
3279;295684
3280;295773
3281;295862
3282;295952
3283;296041
3284;296130
3285;296220
3286;296309
3287;296398
3288;296487
3289;296577
3290;296666
3291;296755
3292;296845
3293;296934
3294;297023
3295;297113
3296;297202
3297;297291
3298;297380
3299;297470
3300;297559
3301;297648
3302;297738
3303;297827
3304;297916
3305;298006
3306;298095
3307;298184
3308;298273
3309;298363
3310;298452
3311;298541
3312;298631
3313;298720
3314;298809
3315;298899
3316;298988
3317;299077
3318;299166
3319;299256
3320;299345
3321;299434
3322;299524
3323;299613
3324;299702
3325;299792
3326;299881
3327;299970
3328;300059
3329;300149
3330;300238
3331;300327
3332;300417
3333;300506
3334;300595
3335;300685
3336;300774
3337;300863
3338;300952
3339;301042
3340;301131
3341;301220
3342;301310
3343;301399
3344;301488
3345;301578
3346;301667
3347;301756
3348;301845
3349;301935
3350;302024
3351;302113
3352;302203
3353;302292
3354;302381
3355;302471
3356;302560
3357;302649
3358;302738
3359;302828
3360;302917
3361;303006
3362;303096
3363;303185
3364;303274
3365;303364
3366;303453
3367;303542
3368;303631
3369;303721
3370;303810
3371;303899
3372;303989
3373;304078
3374;304167
3375;304257
3376;304346
3377;304435
3378;304524
3379;304614
3380;304703
3381;304792
3382;304882
3383;304971
3384;305060
3385;305150
3386;305239
3387;305328
3388;305417
3389;305507
3390;305596
3391;305685
3392;305775
3393;305864
3394;305953
3395;306043
3396;306132
3397;306221
3398;306310
3399;306400
3400;306489
3401;306578
3402;306668
3403;306757
3404;306846
3405;306936
3406;307025
3407;307114
3408;307203
3409;307293
3410;307382
3411;307471
3412;307561
3413;307650
3414;307739
3415;307829
3416;307918
3417;308007
3418;308096
3419;308186
3420;308275
3421;308364
3422;308454
3423;308543
3424;308632
3425;308722
3426;308811
3427;308900
3428;308989
3429;309079
3430;309168
3431;309257
3432;309347
3433;309436
3434;309525
3435;309615
3436;309704
3437;309793
3438;309882
3439;309972
3440;310061
3441;310150
3442;310240
3443;310329
3444;310418
3445;310508
3446;310597
3447;310686
3448;310775
3449;310865
3450;310954
3451;311043
3452;311133
3453;311222
3454;311311
3455;311401
3456;311490
3457;311579
3458;311668
3459;311758
3460;311847
3461;311936
3462;312026
3463;312115
3464;312204
3465;312294
3466;312383
3467;312472
3468;312561
3469;312651
3470;312740
3471;312829
3472;312919
3473;313008
3474;313097
3475;313187
3476;313276
3477;313365
3478;313454
3479;313544
3480;313633
3481;313722
3482;313812
3483;313901
3484;313990
3485;314080
3486;314169
3487;314258
3488;314347
3489;314437
3490;314526
3491;314615
3492;314705
3493;314794
3494;314883
3495;314973
3496;315062
3497;315151
3498;315240
3499;315330
3500;315419
3501;315508
3502;315598
3503;315687
3504;315776
3505;315866
3506;315955
3507;316044
3508;316133
3509;316223
3510;316312
3511;316401
3512;316491
3513;316580
3514;316669
3515;316759
3516;316848
3517;316937
3518;317026
3519;317116
3520;317205
3521;317294
3522;317384
3523;317473
3524;317562
3525;317652
3526;317741
3527;317830
3528;317919
3529;318009
3530;318098
3531;318187
3532;318277
3533;318366
3534;318455
3535;318545
3536;318634
3537;318723
3538;318812
3539;318902
3540;318991
3541;319080
3542;319170
3543;319259
3544;319348
3545;319438
3546;319527
3547;319616
3548;319705
3549;319795
3550;319884
3551;319973
3552;320063
3553;320152
3554;320241
3555;320331
3556;320420
3557;320509
3558;320598
3559;320688
3560;320777
3561;320866
3562;320956
3563;321045
3564;321134
3565;321224
3566;321313
3567;321402
3568;321491
3569;321581
3570;321670
3571;321759
3572;321849
3573;321938
3574;322027
3575;322117
3576;322206
3577;322295
3578;322384
3579;322474
3580;322563
3581;322652
3582;322742
3583;322831
3584;322920
3585;323010
3586;323099
3587;323188
3588;323277
3589;323367
3590;323456
3591;323545
3592;323635
3593;323724
3594;323813
3595;323903
3596;323992
3597;324081
3598;324170
3599;324260
3600;324349
3601;324438
3602;324528
3603;324617
3604;324706
3605;324796
3606;324885
3607;324974
3608;325063
3609;325153
3610;325242
3611;325331
3612;325421
3613;325510
3614;325599
3615;325689
3616;325778
3617;325867
3618;325956
3619;326046
3620;326135
3621;326224
3622;326314
3623;326403
3624;326492
3625;326582
3626;326671
3627;326760
3628;326849
3629;326939
3630;327028
3631;327117
3632;327207
3633;327296
3634;327385
3635;327475
3636;327564
3637;327653
3638;327742
3639;327832
3640;327921
3641;328010
3642;328100
3643;328189
3644;328278
3645;328368
3646;328457
3647;328546
3648;328635
3649;328725
3650;328814
3651;328903
3652;328993
3653;329082
3654;329171
3655;329261
3656;329350
3657;329439
3658;329528
3659;329618
3660;329707
3661;329796
3662;329886
3663;329975
3664;330064
3665;330154
3666;330243
3667;330332
3668;330421
3669;330511
3670;330600
3671;330689
3672;330779
3673;330868
3674;330957
3675;331047
3676;331136
3677;331225
3678;331314
3679;331404
3680;331493
3681;331582
3682;331672
3683;331761
3684;331850
3685;331940
3686;332029
3687;332118
3688;332207
3689;332297
3690;332386
3691;332475
3692;332565
3693;332654
3694;332743
3695;332833
3696;332922
3697;333011
3698;333100
3699;333190
3700;333279
3701;333368
3702;333458
3703;333547
3704;333636
3705;333726
3706;333815
3707;333904
3708;333993
3709;334083
3710;334172
3711;334261
3712;334351
3713;334440
3714;334529
3715;334619
3716;334708
3717;334797
3718;334886
3719;334976
3720;335065
3721;335154
3722;335244
3723;335333
3724;335422
3725;335512
3726;335601
3727;335690
3728;335779
3729;335869
3730;335958
3731;336047
3732;336137
3733;336226
3734;336315
3735;336405
3736;336494
3737;336583
3738;336672
3739;336762
3740;336851
3741;336940
3742;337030
3743;337119
3744;337208
3745;337298
3746;337387
3747;337476
3748;337565
3749;337655
3750;337744
3751;337833
3752;337923
3753;338012
3754;338101
3755;338191
3756;338280
3757;338369
3758;338458
3759;338548
3760;338637
3761;338726
3762;338816
3763;338905
3764;338994
3765;339084
3766;339173
3767;339262
3768;339351
3769;339441
3770;339530
3771;339619
3772;339709
3773;339798
3774;339887
3775;339977
3776;340066
3777;340155
3778;340244
3779;340334
3780;340423
3781;340512
3782;340602
3783;340691
3784;340780
3785;340870
3786;340959
3787;341048
3788;341137
3789;341227
3790;341316
3791;341405
3792;341495
3793;341584
3794;341673
3795;341763
3796;341852
3797;341941
3798;342030
3799;342120
3800;342209
3801;342298
3802;342388
3803;342477
3804;342566
3805;342656
3806;342745
3807;342834
3808;342923
3809;343013
3810;343102
3811;343191
3812;343281
3813;343370
3814;343459
3815;343549
3816;343638
3817;343727
3818;343816
3819;343906
3820;343995
3821;344084
3822;344174
3823;344263
3824;344352
3825;344442
3826;344531
3827;344620
3828;344709
3829;344799
3830;344888
3831;344977
3832;345067
3833;345156
3834;345245
3835;345335
3836;345424
3837;345513
3838;345602
3839;345692
3840;345781
3841;345870
3842;345960
3843;346049
3844;346138
3845;346228
3846;346317
3847;346406
3848;346495
3849;346585
3850;346674
3851;346763
3852;346853
3853;346942
3854;347031
3855;347121
3856;347210
3857;347299
3858;347388
3859;347478
3860;347567
3861;347656
3862;347746
3863;347835
3864;347924
3865;348014
3866;348103
3867;348192
3868;348281
3869;348371
3870;348460
3871;348549
3872;348639
3873;348728
3874;348817
3875;348907
3876;348996
3877;349085
3878;349174
3879;349264
3880;349353
3881;349442
3882;349532
3883;349621
3884;349710
3885;349800
3886;349889
3887;349978
3888;350067
3889;350157
3890;350246
3891;350335
3892;350425
3893;350514
3894;350603
3895;350693
3896;350782
3897;350871
3898;350960
3899;351050
3900;351139
3901;351228
3902;351318
3903;351407
3904;351496
3905;351586
3906;351675
3907;351764
3908;351853
3909;351943
3910;352032
3911;352121
3912;352211
3913;352300
3914;352389
3915;352479
3916;352568
3917;352657
3918;352746
3919;352836
3920;352925
3921;353014
3922;353104
3923;353193
3924;353282
3925;353372
3926;353461
3927;353550
3928;353639
3929;353729
3930;353818
3931;353907
3932;353997
3933;354086
3934;354175
3935;354265
3936;354354
3937;354443
3938;354532
3939;354622
3940;354711
3941;354800
3942;354890
3943;354979
3944;355068
3945;355158
3946;355247
3947;355336
3948;355425
3949;355515
3950;355604
3951;355693
3952;355783
3953;355872
3954;355961
3955;356051
3956;356140
3957;356229
3958;356318
3959;356408
3960;356497
3961;356586
3962;356676
3963;356765
3964;356854
3965;356944
3966;357033
3967;357122
3968;357211
3969;357301
3970;357390
3971;357479
3972;357569
3973;357658
3974;357747
3975;357837
3976;357926
3977;358015
3978;358104
3979;358194
3980;358283
3981;358372
3982;358462
3983;358551
3984;358640
3985;358730
3986;358819
3987;358908
3988;358997
3989;359087
3990;359176
3991;359265
3992;359355
3993;359444
3994;359533
3995;359623
3996;359712
3997;359801
3998;359890
3999;359980
4000;360069
4001;360158
4002;360248
4003;360337
4004;360426
4005;360516
4006;360605
4007;360694
4008;360783
4009;360873
4010;360962
4011;361051
4012;361141
4013;361230
4014;361319
4015;361409
4016;361498
4017;361587
4018;361676
4019;361766
4020;361855
4021;361944
4022;362034
4023;362123
4024;362212
4025;362302
4026;362391
4027;362480
4028;362569
4029;362659
4030;362748
4031;362837
4032;362927
4033;363016
4034;363105
4035;363195
4036;363284
4037;363373
4038;363462
4039;363552
4040;363641
4041;363730
4042;363820
4043;363909
4044;363998
4045;364088
4046;364177
4047;364266
4048;364355
4049;364445
4050;364534
4051;364623
4052;364713
4053;364802
4054;364891
4055;364981
4056;365070
4057;365159
4058;365248
4059;365338
4060;365427
4061;365516
4062;365606
4063;365695
4064;365784
4065;365874
4066;365963
4067;366052
4068;366141
4069;366231
4070;366320
4071;366409
4072;366499
4073;366588
4074;366677
4075;366767
4076;366856
4077;366945
4078;367034
4079;367124
4080;367213
4081;367302
4082;367392
4083;367481
4084;367570
4085;367660
4086;367749
4087;367838
4088;367927
4089;368017
4090;368106
4091;368195
4092;368285
4093;368374
4094;368463
4095;368552
4096;368642
4097;368731
4098;368820
4099;368910
4100;368999
4101;369088
4102;369178
4103;369267
4104;369356
4105;369445
4106;369535
4107;369624
4108;369713
4109;369803
4110;369892
4111;369981
4112;370071
4113;370160
4114;370249
4115;370338
4116;370428
4117;370517
4118;370606
4119;370696
4120;370785
4121;370874
4122;370964
4123;371053
4124;371142
4125;371231
4126;371321
4127;371410
4128;371499
4129;371589
4130;371678
4131;371767
4132;371857
4133;371946
4134;372035
4135;372124
4136;372214
4137;372303
4138;372392
4139;372482
4140;372571
4141;372660
4142;372750
4143;372839
4144;372928
4145;373017
4146;373107
4147;373196
4148;373285
4149;373375
4150;373464
4151;373553
4152;373643
4153;373732
4154;373821
4155;373910
4156;374000
4157;374089
4158;374178
4159;374268
4160;374357
4161;374446
4162;374536
4163;374625
4164;374714
4165;374803
4166;374893
4167;374982
4168;375071
4169;375161
4170;375250
4171;375339
4172;375429
4173;375518
4174;375607
4175;375696
4176;375786
4177;375875
4178;375964
4179;376054
4180;376143
4181;376232
4182;376322
4183;376411
4184;376500
4185;376589
4186;376679
4187;376768
4188;376857
4189;376947
4190;377036
4191;377125
4192;377215
4193;377304
4194;377393
4195;377482
4196;377572
4197;377661
4198;377750
4199;377840
4200;377929
4201;378018
4202;378108
4203;378197
4204;378286
4205;378375
4206;378465
4207;378554
4208;378643
4209;378733
4210;378822
4211;378911
4212;379001
4213;379090
4214;379179
4215;379268
4216;379358
4217;379447
4218;379536
4219;379626
4220;379715
4221;379804
4222;379894
4223;379983
4224;380072
4225;380161
4226;380251
4227;380340
4228;380429
4229;380519
4230;380608
4231;380697
4232;380787
4233;380876
4234;380965
4235;381054
4236;381144
4237;381233
4238;381322
4239;381412
4240;381501
4241;381590
4242;381680
4243;381769
4244;381858
4245;381947
4246;382037
4247;382126
4248;382215
4249;382305
4250;382394
4251;382483
4252;382573
4253;382662
4254;382751
4255;382840
4256;382930
4257;383019
4258;383108
4259;383198
4260;383287
4261;383376
4262;383466
4263;383555
4264;383644
4265;383733
4266;383823
4267;383912
4268;384001
4269;384091
4270;384180
4271;384269
4272;384359
4273;384448
4274;384537
4275;384626
4276;384716
4277;384805
4278;384894
4279;384984
4280;385073
4281;385162
4282;385252
4283;385341
4284;385430
4285;385519
4286;385609
4287;385698
4288;385787
4289;385877
4290;385966
4291;386055
4292;386145
4293;386234
4294;386323
4295;386412
4296;386502
4297;386591
4298;386680
4299;386770
4300;386859
4301;386948
4302;387038
4303;387127
4304;387216
4305;387305
4306;387395
4307;387484
4308;387573
4309;387663
4310;387752
4311;387841
4312;387931
4313;388020
4314;388109
4315;388198
4316;388288
4317;388377
4318;388466
4319;388556
4320;388645
4321;388734
4322;388824
4323;388913
4324;389002
4325;389091
4326;389181
4327;389270
4328;389359
4329;389449
4330;389538
4331;389627
4332;389717
4333;389806
4334;389895
4335;389984
4336;390074
4337;390163
4338;390252
4339;390342
4340;390431
4341;390520
4342;390610
4343;390699
4344;390788
4345;390877
4346;390967
4347;391056
4348;391145
4349;391235
4350;391324
4351;391413
4352;391503
4353;391592
4354;391681
4355;391770
4356;391860
4357;391949
4358;392038
4359;392128
4360;392217
4361;392306
4362;392396
4363;392485
4364;392574
4365;392663
4366;392753
4367;392842
4368;392931
4369;393021
4370;393110
4371;393199
4372;393289
4373;393378
4374;393467
4375;393556
4376;393646
4377;393735
4378;393824
4379;393914
4380;394003
4381;394092
4382;394182
4383;394271
4384;394360
4385;394449
4386;394539
4387;394628
4388;394717
4389;394807
4390;394896
4391;394985
4392;395075
4393;395164
4394;395253
4395;395342
4396;395432
4397;395521
4398;395610
4399;395700
4400;395789
4401;395878
4402;395968
4403;396057
4404;396146
4405;396235
4406;396325
4407;396414
4408;396503
4409;396593
4410;396682
4411;396771
4412;396861
4413;396950
4414;397039
4415;397128
4416;397218
4417;397307
4418;397396
4419;397486
4420;397575
4421;397664
4422;397754
4423;397843
4424;397932
4425;398021
4426;398111
4427;398200
4428;398289
4429;398379
4430;398468
4431;398557
4432;398647
4433;398736
4434;398825
4435;398914
4436;399004
4437;399093
4438;399182
4439;399272
4440;399361
4441;399450
4442;399540
4443;399629
4444;399718
4445;399807
4446;399897
4447;399986
4448;400075
4449;400165
4450;400254
4451;400343
4452;400433
4453;400522
4454;400611
4455;400700
4456;400790
4457;400879
4458;400968
4459;401058
4460;401147
4461;401236
4462;401326
4463;401415
4464;401504
4465;401593
4466;401683
4467;401772
4468;401861
4469;401951
4470;402040
4471;402129
4472;402219
4473;402308
4474;402397
4475;402486
4476;402576
4477;402665
4478;402754
4479;402844
4480;402933
4481;403022
4482;403112
4483;403201
4484;403290
4485;403379
4486;403469
4487;403558
4488;403647
4489;403737
4490;403826
4491;403915
4492;404005
4493;404094
4494;404183
4495;404272
4496;404362
4497;404451
4498;404540
4499;404630
4500;404719
4501;404808
4502;404898
4503;404987
4504;405076
4505;405165
4506;405255
4507;405344
4508;405433
4509;405523
4510;405612
4511;405701
4512;405791
4513;405880
4514;405969
4515;406058
4516;406148
4517;406237
4518;406326
4519;406416
4520;406505
4521;406594
4522;406684
4523;406773
4524;406862
4525;406951
4526;407041
4527;407130
4528;407219
4529;407309
4530;407398
4531;407487
4532;407577
4533;407666
4534;407755
4535;407844
4536;407934
4537;408023
4538;408112
4539;408202
4540;408291
4541;408380
4542;408470
4543;408559
4544;408648
4545;408737
4546;408827
4547;408916
4548;409005
4549;409095
4550;409184
4551;409273
4552;409363
4553;409452
4554;409541
4555;409630
4556;409720
4557;409809
4558;409898
4559;409988
4560;410077
4561;410166
4562;410256
4563;410345
4564;410434
4565;410523
4566;410613
4567;410702
4568;410791
4569;410881
4570;410970
4571;411059
4572;411149
4573;411238
4574;411327
4575;411416
4576;411506
4577;411595
4578;411684
4579;411774
4580;411863
4581;411952
4582;412042
4583;412131
4584;412220
4585;412309
4586;412399
4587;412488
4588;412577
4589;412667
4590;412756
4591;412845
4592;412935
4593;413024
4594;413113
4595;413202
4596;413292
4597;413381
4598;413470
4599;413560
4600;413649
4601;413738
4602;413827
4603;413917
4604;414006
4605;414095
4606;414184
4607;414273
4608;414363
4609;414452
4610;414541
4611;414630
4612;414720
4613;414809
4614;414898
4615;414987
4616;415077
4617;415166
4618;415255
4619;415345
4620;415434
4621;415523
4622;415613
4623;415702
4624;415791
4625;415880
4626;415970
4627;416059
4628;416148
4629;416238
4630;416327
4631;416416
4632;416506
4633;416595
4634;416684
4635;416773
4636;416863
4637;416952
4638;417041
4639;417131
4640;417220
4641;417309
4642;417399
4643;417488
4644;417577
4645;417666
4646;417756
4647;417845
4648;417934
4649;418024
4650;418113
4651;418202
4652;418291
4653;418381
4654;418470
4655;418559
4656;418648
4657;418737
4658;418827
4659;418916
4660;419005
4661;419094
4662;419184
4663;419273
4664;419362
4665;419451
4666;419541
4667;419630
4668;419719
4669;419809
4670;419898
4671;419987
4672;420077
4673;420166
4674;420255
4675;420344
4676;420434
4677;420523
4678;420612
4679;420702
4680;420791
4681;420880
4682;420970
4683;421059
4684;421148
4685;421237
4686;421327
4687;421416
4688;421505
4689;421595
4690;421684
4691;421773
4692;421862
4693;421952
4694;422041
4695;422130
4696;422219
4697;422308
4698;422398
4699;422487
4700;422576
4701;422665
4702;422755
4703;422844
4704;422933
4705;423022
4706;423112
4707;423201
4708;423290
4709;423380
4710;423469
4711;423558
4712;423648
4713;423737
4714;423826
4715;423915
4716;424005
4717;424094
4718;424183
4719;424273
4720;424362
4721;424451
4722;424541
4723;424630
4724;424719
4725;424808
4726;424898
4727;424987
4728;425076
4729;425166
4730;425255
4731;425344
4732;425434
4733;425523
4734;425612
4735;425701
4736;425791
4737;425880
4738;425969
4739;426059
4740;426148
4741;426237
4742;426326
4743;426416
4744;426505
4745;426594
4746;426683
4747;426772
4748;426862
4749;426951
4750;427040
4751;427129
4752;427219
4753;427308
4754;427397
4755;427486
4756;427576
4757;427665
4758;427754
4759;427844
4760;427933
4761;428022
4762;428112
4763;428201
4764;428290
4765;428379
4766;428469
4767;428558
4768;428647
4769;428737
4770;428826
4771;428915
4772;429005
4773;429094
4774;429183
4775;429272
4776;429362
4777;429451
4778;429540
4779;429630
4780;429719
4781;429808
4782;429898
4783;429987
4784;430076
4785;430165
4786;430255
4787;430344
4788;430433
4789;430523
4790;430612
4791;430701
4792;430790
4793;430880
4794;430969
4795;431058
4796;431147
4797;431236
4798;431326
4799;431415
4800;431504
4801;431593
4802;431683
4803;431772
4804;431861
4805;431950
4806;432040
4807;432129
4808;432218
4809;432308
4810;432397
4811;432486
4812;432576
4813;432665
4814;432754
4815;432843
4816;432933
4817;433022
4818;433111
4819;433201
4820;433290
4821;433379
4822;433469
4823;433558
4824;433647
4825;433736
4826;433826
4827;433915
4828;434004
4829;434094
4830;434183
4831;434272
4832;434361
4833;434451
4834;434540
4835;434629
4836;434718
4837;434807
4838;434897
4839;434986
4840;435075
4841;435164
4842;435254
4843;435343
4844;435432
4845;435521
4846;435611
4847;435700
4848;435789
4849;435879
4850;435968
4851;436057
4852;436147
4853;436236
4854;436325
4855;436414
4856;436504
4857;436593
4858;436682
4859;436772
4860;436861
4861;436950
4862;437040
4863;437129
4864;437218
4865;437307
4866;437397
4867;437486
4868;437575
4869;437665
4870;437754
4871;437843
4872;437933
4873;438022
4874;438111
4875;438200
4876;438290
4877;438379
4878;438468
4879;438558
4880;438647
4881;438736
4882;438825
4883;438915
4884;439004
4885;439093
4886;439182
4887;439271
4888;439361
4889;439450
4890;439539
4891;439628
4892;439718
4893;439807
4894;439896
4895;439985
4896;440075
4897;440164
4898;440253
4899;440343
4900;440432
4901;440521
4902;440611
4903;440700
4904;440789
4905;440878
4906;440968
4907;441057
4908;441146
4909;441236
4910;441325
4911;441414
4912;441504
4913;441593
4914;441682
4915;441771
4916;441861
4917;441950
4918;442039
4919;442129
4920;442218
4921;442307
4922;442397
4923;442486
4924;442575
4925;442664
4926;442754
4927;442843
4928;442932
4929;443022
4930;443111
4931;443200
4932;443289
4933;443379
4934;443468
4935;443557
4936;443646
4937;443735
4938;443825
4939;443914
4940;444003
4941;444092
4942;444182
4943;444271
4944;444360
4945;444449
4946;444539
4947;444628
4948;444717
4949;444807
4950;444896
4951;444985
4952;445075
4953;445164
4954;445253
4955;445342
4956;445432
4957;445521
4958;445610
4959;445700
4960;445789
4961;445878
4962;445968
4963;446057
4964;446146
4965;446235
4966;446325
4967;446414
4968;446503
4969;446593
4970;446682
4971;446771
4972;446860
4973;446950
4974;447039
4975;447128
4976;447217
4977;447306
4978;447396
4979;447485
4980;447574
4981;447663
4982;447753
4983;447842
4984;447931
4985;448020
4986;448110
4987;448199
4988;448288
4989;448378
4990;448467
4991;448556
4992;448646
4993;448735
4994;448824
4995;448913
4996;449003
4997;449092
4998;449181
4999;449271
5000;449360
5001;449449
5002;449539
5003;449628
5004;449717
5005;449806
5006;449896
5007;449985
5008;450074
5009;450164
5010;450253
5011;450342
5012;450432
5013;450521
5014;450610
5015;450699
5016;450789
5017;450878
5018;450967
5019;451057
5020;451146
5021;451235
5022;451324
5023;451414
5024;451503
5025;451592
5026;451681
5027;451770
5028;451860
5029;451949
5030;452038
5031;452127
5032;452217
5033;452306
5034;452395
5035;452484
5036;452574
5037;452663
5038;452752
5039;452842
5040;452931
5041;453020
5042;453110
5043;453199
5044;453288
5045;453377
5046;453467
5047;453556
5048;453645
5049;453735
5050;453824
5051;453913
5052;454003
5053;454092
5054;454181
5055;454270
5056;454360
5057;454449
5058;454538
5059;454628
5060;454717
5061;454806
5062;454896
5063;454985
5064;455074
5065;455163
5066;455253
5067;455342
5068;455431
5069;455521
5070;455610
5071;455699
5072;455788
5073;455878
5074;455967
5075;456056
5076;456145
5077;456234
5078;456324
5079;456413
5080;456502
5081;456591
5082;456681
5083;456770
5084;456859
5085;456948
5086;457038
5087;457127
5088;457216
5089;457306
5090;457395
5091;457484
5092;457574
5093;457663
5094;457752
5095;457841
5096;457931
5097;458020
5098;458109
5099;458199
5100;458288
5101;458377
5102;458467
5103;458556
5104;458645
5105;458734
5106;458824
5107;458913
5108;459002
5109;459092
5110;459181
5111;459270
5112;459359
5113;459449
5114;459538
5115;459627
5116;459716
5117;459805
5118;459895
5119;459984
5120;460073
5121;460162
5122;460252
5123;460341
5124;460430
5125;460519
5126;460609
5127;460698
5128;460787
5129;460877
5130;460966
5131;461055
5132;461145
5133;461234
5134;461323
5135;461412
5136;461502
5137;461591
5138;461680
5139;461770
5140;461859
5141;461948
5142;462038
5143;462127
5144;462216
5145;462305
5146;462395
5147;462484
5148;462573
5149;462663
5150;462752
5151;462841
5152;462931
5153;463020
5154;463109
5155;463198
5156;463288
5157;463377
5158;463466
5159;463556
5160;463645
5161;463734
5162;463823
5163;463913
5164;464002
5165;464091
5166;464180
5167;464269
5168;464359
5169;464448
5170;464537
5171;464626
5172;464716
5173;464805
5174;464894
5175;464983
5176;465073
5177;465162
5178;465251
5179;465341
5180;465430
5181;465519
5182;465609
5183;465698
5184;465787
5185;465876
5186;465966
5187;466055
5188;466144
5189;466234
5190;466323
5191;466412
5192;466502
5193;466591
5194;466680
5195;466769
5196;466859
5197;466948
5198;467037
5199;467127
5200;467216
5201;467305
5202;467395
5203;467484
5204;467573
5205;467662
5206;467752
5207;467841
5208;467930
5209;468020
5210;468109
5211;468198
5212;468287
5213;468377
5214;468466
5215;468555
5216;468644
5217;468733
5218;468823
5219;468912
5220;469001
5221;469090
5222;469180
5223;469269
5224;469358
5225;469447
5226;469537
5227;469626
5228;469715
5229;469805
5230;469894
5231;469983
5232;470073
5233;470162
5234;470251
5235;470340
5236;470430
5237;470519
5238;470608
5239;470698
5240;470787
5241;470876
5242;470966
5243;471055
5244;471144
5245;471233
5246;471323
5247;471412
5248;471501
5249;471591
5250;471680
5251;471769
5252;471858
5253;471948
5254;472037
5255;472126
5256;472215
5257;472304
5258;472394
5259;472483
5260;472572
5261;472661
5262;472751
5263;472840
5264;472929
5265;473018
5266;473108
5267;473197
5268;473286
5269;473376
5270;473465
5271;473554
5272;473644
5273;473733
5274;473822
5275;473911
5276;474001
5277;474090
5278;474179
5279;474269
5280;474358
5281;474447
5282;474537
5283;474626
5284;474715
5285;474804
5286;474894
5287;474983
5288;475072
5289;475162
5290;475251
5291;475340
5292;475430
5293;475519
5294;475608
5295;475697
5296;475787
5297;475876
5298;475965
5299;476055
5300;476144
5301;476233
5302;476322
5303;476412
5304;476501
5305;476590
5306;476679
5307;476768
5308;476858
5309;476947
5310;477036
5311;477125
5312;477215
5313;477304
5314;477393
5315;477482
5316;477572
5317;477661
5318;477750
5319;477840
5320;477929
5321;478018
5322;478108
5323;478197
5324;478286
5325;478375
5326;478465
5327;478554
5328;478643
5329;478733
5330;478822
5331;478911
5332;479001
5333;479090
5334;479179
5335;479268
5336;479358
5337;479447
5338;479536
5339;479626
5340;479715
5341;479804
5342;479893
5343;479983
5344;480072
5345;480161
5346;480250
5347;480339
5348;480429
5349;480518
5350;480607
5351;480696
5352;480786
5353;480875
5354;480964
5355;481053
5356;481143
5357;481232
5358;481321
5359;481411
5360;481500
5361;481589
5362;481679
5363;481768
5364;481857
5365;481946
5366;482036
5367;482125
5368;482214
5369;482304
5370;482393
5371;482482
5372;482572
5373;482661
5374;482750
5375;482839
5376;482929
5377;483018
5378;483107
5379;483197
5380;483286
5381;483375
5382;483465
5383;483554
5384;483643
5385;483732
5386;483822
5387;483911
5388;484000
5389;484090
5390;484179
5391;484268
5392;484357
5393;484447
5394;484536
5395;484625
5396;484714
5397;484803
5398;484893
5399;484982
5400;485071
5401;485160
5402;485250
5403;485339
5404;485428
5405;485517
5406;485607
5407;485696
5408;485785
5409;485875
5410;485964
5411;486053
5412;486143
5413;486232
5414;486321
5415;486410
5416;486500
5417;486589
5418;486678
5419;486768
5420;486857
5421;486946
5422;487036
5423;487125
5424;487214
5425;487303
5426;487393
5427;487482
5428;487571
5429;487661
5430;487750
5431;487839
5432;487929
5433;488018
5434;488107
5435;488196
5436;488286
5437;488375
5438;488464
5439;488554
5440;488643
5441;488732
5442;488821
5443;488911
5444;489000
5445;489089
5446;489178
5447;489267
5448;489357
5449;489446
5450;489535
5451;489624
5452;489714
5453;489803
5454;489892
5455;489981
5456;490071
5457;490160
5458;490249
5459;490339
5460;490428
5461;490517
5462;490607
5463;490696
5464;490785
5465;490874
5466;490964
5467;491053
5468;491142
5469;491232
5470;491321
5471;491410
5472;491500
5473;491589
5474;491678
5475;491767
5476;491857
5477;491946
5478;492035
5479;492125
5480;492214
5481;492303
5482;492392
5483;492482
5484;492571
5485;492660
5486;492749
5487;492838
5488;492928
5489;493017
5490;493106
5491;493195
5492;493285
5493;493374
5494;493463
5495;493552
5496;493642
5497;493731
5498;493820
5499;493910
5500;493999
5501;494088
5502;494178
5503;494267
5504;494356
5505;494445
5506;494535
5507;494624
5508;494713
5509;494803
5510;494892
5511;494981
5512;495071
5513;495160
5514;495249
5515;495338
5516;495428
5517;495517
5518;495606
5519;495696
5520;495785
5521;495874
5522;495964
5523;496053
5524;496142
5525;496231
5526;496321
5527;496410
5528;496499
5529;496589
5530;496678
5531;496767
5532;496856
5533;496946
5534;497035
5535;497124
5536;497213
5537;497302
5538;497392
5539;497481
5540;497570
5541;497659
5542;497749
5543;497838
5544;497927
5545;498016
5546;498106
5547;498195
5548;498284
5549;498374
5550;498463
5551;498552
5552;498642
5553;498731
5554;498820
5555;498909
5556;498999
5557;499088
5558;499177
5559;499267
5560;499356
5561;499445
5562;499535
5563;499624
5564;499713
5565;499802
5566;499892
5567;499981
5568;500070
5569;500160
5570;500249
5571;500338
5572;500428
5573;500517
5574;500606
5575;500695
5576;500785
5577;500874
5578;500963
5579;501053
5580;501142
5581;501231
5582;501320
5583;501410
5584;501499
5585;501588
5586;501677
5587;501766
5588;501856
5589;501945
5590;502034
5591;502123
5592;502213
5593;502302
5594;502391
5595;502480
5596;502570
5597;502659
5598;502748
5599;502838
5600;502927
5601;503016
5602;503106
5603;503195
5604;503284
5605;503373
5606;503463
5607;503552
5608;503641
5609;503731
5610;503820
5611;503909
5612;503999
5613;504088
5614;504177
5615;504266
5616;504356
5617;504445
5618;504534
5619;504624
5620;504713
5621;504802
5622;504891
5623;504981
5624;505070
5625;505159
5626;505248
5627;505337
5628;505427
5629;505516
5630;505605
5631;505694
5632;505784
5633;505873
5634;505962
5635;506051
5636;506141
5637;506230
5638;506319
5639;506409
5640;506498
5641;506587
5642;506677
5643;506766
5644;506855
5645;506944
5646;507034
5647;507123
5648;507212
5649;507302
5650;507391
5651;507480
5652;507570
5653;507659
5654;507748
5655;507837
5656;507927
5657;508016
5658;508105
5659;508195
5660;508284
5661;508373
5662;508463
5663;508552
5664;508641
5665;508730
5666;508820
5667;508909
5668;508998
5669;509088
5670;509177
5671;509266
5672;509355
5673;509445
5674;509534
5675;509623
5676;509712
5677;509801
5678;509891
5679;509980
5680;510069
5681;510158
5682;510248
5683;510337
5684;510426
5685;510515
5686;510605
5687;510694
5688;510783
5689;510873
5690;510962
5691;511051
5692;511141
5693;511230
5694;511319
5695;511408
5696;511498
5697;511587
5698;511676
5699;511766
5700;511855
5701;511944
5702;512034
5703;512123
5704;512212
5705;512301
5706;512391
5707;512480
5708;512569
5709;512659
5710;512748
5711;512837
5712;512927
5713;513016
5714;513105
5715;513194
5716;513284
5717;513373
5718;513462
5719;513552
5720;513641
5721;513730
5722;513819
5723;513909
5724;513998
5725;514087
5726;514176
5727;514265
5728;514355
5729;514444
5730;514533
5731;514622
5732;514712
5733;514801
5734;514890
5735;514979
5736;515069
5737;515158
5738;515247
5739;515337
5740;515426
5741;515515
5742;515605
5743;515694
5744;515783
5745;515872
5746;515962
5747;516051
5748;516140
5749;516230
5750;516319
5751;516408
5752;516498
5753;516587
5754;516676
5755;516765
5756;516855
5757;516944
5758;517033
5759;517123
5760;517212
5761;517301
5762;517390
5763;517480
5764;517569
5765;517658
5766;517747
5767;517836
5768;517926
5769;518015
5770;518104
5771;518193
5772;518283
5773;518372
5774;518461
5775;518550
5776;518640
5777;518729
5778;518818
5779;518908
5780;518997
5781;519086
5782;519176
5783;519265
5784;519354
5785;519443
5786;519533
5787;519622
5788;519711
5789;519801
5790;519890
5791;519979
5792;520069
5793;520158
5794;520247
5795;520336
5796;520426
5797;520515
5798;520604
5799;520694
5800;520783
5801;520872
5802;520962
5803;521051
5804;521140
5805;521229
5806;521319
5807;521408
5808;521497
5809;521587
5810;521676
5811;521765
5812;521854
5813;521944
5814;522033
5815;522122
5816;522211
5817;522300
5818;522390
5819;522479
5820;522568
5821;522657
5822;522747
5823;522836
5824;522925
5825;523014
5826;523104
5827;523193
5828;523282
5829;523372
5830;523461
5831;523550
5832;523640
5833;523729
5834;523818
5835;523907
5836;523997
5837;524086
5838;524175
5839;524265
5840;524354
5841;524443
5842;524533
5843;524622
5844;524711
5845;524800
5846;524890
5847;524979
5848;525068
5849;525158
5850;525247
5851;525336
5852;525426
5853;525515
5854;525604
5855;525693
5856;525783
5857;525872
5858;525961
5859;526051
5860;526140
5861;526229
5862;526318
5863;526408
5864;526497
5865;526586
5866;526675
5867;526764
5868;526854
5869;526943
5870;527032
5871;527121
5872;527211
5873;527300
5874;527389
5875;527478
5876;527568
5877;527657
5878;527746
5879;527836
5880;527925
5881;528014
5882;528104
5883;528193
5884;528282
5885;528371
5886;528461
5887;528550
5888;528639
5889;528729
5890;528818
5891;528907
5892;528997
5893;529086
5894;529175
5895;529264
5896;529354
5897;529443
5898;529532
5899;529622
5900;529711
5901;529800
5902;529889
5903;529979
5904;530068
5905;530157
5906;530246
5907;530335
5908;530425
5909;530514
5910;530603
5911;530692
5912;530782
5913;530871
5914;530960
5915;531049
5916;531139
5917;531228
5918;531317
5919;531407
5920;531496
5921;531585
5922;531675
5923;531764
5924;531853
5925;531942
5926;532032
5927;532121
5928;532210
5929;532300
5930;532389
5931;532478
5932;532568
5933;532657
5934;532746
5935;532835
5936;532925
5937;533014
5938;533103
5939;533193
5940;533282
5941;533371
5942;533461
5943;533550
5944;533639
5945;533728
5946;533818
5947;533907
5948;533996
5949;534086
5950;534175
5951;534264
5952;534353
5953;534443
5954;534532
5955;534621
5956;534710
5957;534799
5958;534889
5959;534978
5960;535067
5961;535156
5962;535246
5963;535335
5964;535424
5965;535513
5966;535603
5967;535692
5968;535781
5969;535871
5970;535960
5971;536049
5972;536139
5973;536228
5974;536317
5975;536406
5976;536496
5977;536585
5978;536674
5979;536764
5980;536853
5981;536942
5982;537032
5983;537121
5984;537210
5985;537299
5986;537389
5987;537478
5988;537567
5989;537657
5990;537746
5991;537835
5992;537925
5993;538014
5994;538103
5995;538192
5996;538282
5997;538371
5998;538460
5999;538550
6000;538639
6001;538728
6002;538817
6003;538907
6004;538996
6005;539085
6006;539174
6007;539263
6008;539353
6009;539442
6010;539531
6011;539620
6012;539710
6013;539799
6014;539888
6015;539977
6016;540067
6017;540156
6018;540245
6019;540335
6020;540424
6021;540513
6022;540603
6023;540692
6024;540781
6025;540870
6026;540960
6027;541049
6028;541138
6029;541228
6030;541317
6031;541406
6032;541496
6033;541585
6034;541674
6035;541763
6036;541853
6037;541942
6038;542031
6039;542121
6040;542210
6041;542299
6042;542388
6043;542478
6044;542567
6045;542656
6046;542745
6047;542834
6048;542924
6049;543013
6050;543102
6051;543191
6052;543281
6053;543370
6054;543459
6055;543548
6056;543638
6057;543727
6058;543816
6059;543906
6060;543995
6061;544084
6062;544174
6063;544263
6064;544352
6065;544441
6066;544531
6067;544620
6068;544709
6069;544799
6070;544888
6071;544977
6072;545067
6073;545156
6074;545245
6075;545334
6076;545424
6077;545513
6078;545602
6079;545692
6080;545781
6081;545870
6082;545960
6083;546049
6084;546138
6085;546227
6086;546317
6087;546406
6088;546495
6089;546585
6090;546674
6091;546763
6092;546852
6093;546942
6094;547031
6095;547120
6096;547209
6097;547298
6098;547388
6099;547477
6100;547566
6101;547655
6102;547745
6103;547834
6104;547923
6105;548012
6106;548102
6107;548191
6108;548280
6109;548370
6110;548459
6111;548548
6112;548638
6113;548727
6114;548816
6115;548905
6116;548995
6117;549084
6118;549173
6119;549263
6120;549352
6121;549441
6122;549531
6123;549620
6124;549709
6125;549798
6126;549888
6127;549977
6128;550066
6129;550156
6130;550245
6131;550334
6132;550423
6133;550513
6134;550602
6135;550691
6136;550780
6137;550869
6138;550959
6139;551048
6140;551137
6141;551226
6142;551316
6143;551405
6144;551494
6145;551583
6146;551673
6147;551762
6148;551851
6149;551941
6150;552030
6151;552119
6152;552209
6153;552298
6154;552387
6155;552476
6156;552566
6157;552655
6158;552744
6159;552834
6160;552923
6161;553012
6162;553102
6163;553191
6164;553280
6165;553369
6166;553459
6167;553548
6168;553637
6169;553727
6170;553816
6171;553905
6172;553995
6173;554084
6174;554173
6175;554262
6176;554352
6177;554441
6178;554530
6179;554620
6180;554709
6181;554798
6182;554887
6183;554977
6184;555066
6185;555155
6186;555244
6187;555333
6188;555423
6189;555512
6190;555601
6191;555690
6192;555780
6193;555869
6194;555958
6195;556047
6196;556137
6197;556226
6198;556315
6199;556405
6200;556494
6201;556583
6202;556673
6203;556762
6204;556851
6205;556940
6206;557030
6207;557119
6208;557208
6209;557298
6210;557387
6211;557476
6212;557566
6213;557655
6214;557744
6215;557833
6216;557923
6217;558012
6218;558101
6219;558191
6220;558280
6221;558369
6222;558459
6223;558548
6224;558637
6225;558726
6226;558816
6227;558905
6228;558994
6229;559084
6230;559173
6231;559262
6232;559351
6233;559441
6234;559530
6235;559619
6236;559708
6237;559797
6238;559887
6239;559976
6240;560065
